GEN,ObservationDate,Confirmed,Deaths
Munich,2020-03-02T17:00:00+0000,0.7,0
Munich,2020-03-03T17:00:00+0000,1.5,0
Munich,2020-03-04T17:00:00+0000,2.5,0
Munich,2020-03-05T17:00:00+0000,3.8,0.26
Munich,2020-03-06T17:00:00+0000,5.3,0.5
Munich,2020-03-07T17:00:00+0000,7.5,0.95
Munich,2020-03-08T17:00:00+0000,10.2,1.6
Munich,2020-03-09T17:00:00+0000,12.8,2.42
Munich,2020-03-10T17:00:00+0000,15.8,3.79
Munich,2020-03-11T17:00:00+0000,19.3,5.74
Munich,2020-03-12T17:00:00+0000,23.2,8.02
Munich,2020-03-13T17:00:00+0000,27.5,11.09
Munich,2020-03-14T17:00:00+0000,31.9,14.74
Munich,2020-03-15T17:00:00+0000,36.4,19.16
Munich,2020-03-16T17:00:00+0000,41,24.4
Munich,2020-03-17T17:00:00+0000,45.7,30.05
Munich,2020-03-18T17:00:00+0000,50.7,36.1
Munich,2020-03-19T17:00:00+0000,55.9,42.54
Munich,2020-03-20T17:00:00+0000,61.1,49.18
Munich,2020-03-21T17:00:00+0000,66.1,56.21
Munich,2020-03-22T17:00:00+0000,71.1,63.43
Munich,2020-03-23T17:00:00+0000,75.8,70.84
Munich,2020-03-24T17:00:00+0000,80.3,78.45
Munich,2020-03-25T17:00:00+0000,84.3,86.26
Munich,2020-03-26T17:00:00+0000,87.7,94.07
Munich,2020-03-27T17:00:00+0000,90.7,102.07
Munich,2020-03-28T17:00:00+0000,93.1,109.68
Munich,2020-03-29T17:00:00+0000,94.6,116.9
Munich,2020-03-30T17:00:00+0000,95.4,123.54
Munich,2020-03-31T17:00:00+0000,95.5,129.2
Munich,2020-04-01T17:00:00+0000,94.9,133.88
Munich,2020-04-02T17:00:00+0000,93.7,137.78
Munich,2020-04-03T17:00:00+0000,92,140.52
Munich,2020-04-04T17:00:00+0000,90,142.47
Munich,2020-04-05T17:00:00+0000,88,143.44
Munich,2020-04-06T17:00:00+0000,85.7,143.64
Munich,2020-04-07T17:00:00+0000,83.4,143.44
Munich,2020-04-08T17:00:00+0000,80.7,142.86
Munich,2020-04-09T17:00:00+0000,77.7,141.69
Munich,2020-04-10T17:00:00+0000,74.4,140.12
Munich,2020-04-11T17:00:00+0000,71,137.78
Munich,2020-04-12T17:00:00+0000,67.4,135.05
Munich,2020-04-13T17:00:00+0000,63.9,131.73
Munich,2020-04-14T17:00:00+0000,60.3,127.83
Munich,2020-04-15T17:00:00+0000,57.2,123.34
Munich,2020-04-16T17:00:00+0000,54.4,118.46
Munich,2020-04-17T17:00:00+0000,51.7,113
Munich,2020-04-18T17:00:00+0000,49.3,107.53
Munich,2020-04-19T17:00:00+0000,47,101.87
Munich,2020-04-20T17:00:00+0000,44.9,96.41
Munich,2020-04-21T17:00:00+0000,42.9,91.14
Munich,2020-04-22T17:00:00+0000,40.9,86.07
Munich,2020-04-23T17:00:00+0000,38.9,81.19
Munich,2020-04-24T17:00:00+0000,37.1,76.89
Munich,2020-04-25T17:00:00+0000,35.3,72.99
Munich,2020-04-26T17:00:00+0000,33.6,69.28
Munich,2020-04-27T17:00:00+0000,31.9,65.57
Munich,2020-04-28T17:00:00+0000,30.2,61.87
Munich,2020-04-29T17:00:00+0000,28.6,58.16
Munich,2020-04-30T17:00:00+0000,27.3,54.64
Munich,2020-05-01T17:00:00+0000,26.1,51.13
Munich,2020-05-02T17:00:00+0000,25.1,47.62
Munich,2020-05-03T17:00:00+0000,24.1,44.11
Munich,2020-05-04T17:00:00+0000,23.2,40.79
Munich,2020-05-05T17:00:00+0000,22.4,37.67
Munich,2020-05-06T17:00:00+0000,21.5,34.74
Munich,2020-05-07T17:00:00+0000,20.5,31.81
Munich,2020-05-08T17:00:00+0000,19.5,29.08
Munich,2020-05-09T17:00:00+0000,18.5,26.54
Munich,2020-05-10T17:00:00+0000,17.5,24.59
Munich,2020-05-11T17:00:00+0000,16.5,22.83
Munich,2020-05-12T17:00:00+0000,15.6,21.27
Munich,2020-05-13T17:00:00+0000,14.8,20.1
Munich,2020-05-14T17:00:00+0000,14,19.32
Munich,2020-05-15T17:00:00+0000,13.3,18.35
Munich,2020-05-16T17:00:00+0000,12.7,17.17
Munich,2020-05-17T17:00:00+0000,12.2,15.81
Munich,2020-05-18T17:00:00+0000,11.7,14.44
Munich,2020-05-19T17:00:00+0000,11.2,13.08
Munich,2020-05-20T17:00:00+0000,10.7,11.51
Munich,2020-05-21T17:00:00+0000,10.2,9.76
Munich,2020-05-22T17:00:00+0000,9.8,8.2
Munich,2020-05-23T17:00:00+0000,9.3,7.03
Munich,2020-05-24T17:00:00+0000,8.8,6.05
Munich,2020-05-25T17:00:00+0000,8.3,5.27
Munich,2020-05-26T17:00:00+0000,7.9,4.68
Munich,2020-05-27T17:00:00+0000,7.5,4.29
Munich,2020-05-28T17:00:00+0000,7.2,4.1
Munich,2020-05-29T17:00:00+0000,7,4.1
Munich,2020-05-30T17:00:00+0000,6.7,4.1
Munich,2020-05-31T17:00:00+0000,6.6,3.9
Munich,2020-06-01T17:00:00+0000,6.5,3.71
Munich,2020-06-02T17:00:00+0000,6.4,3.51
Munich,2020-06-03T17:00:00+0000,6.2,3.12
Munich,2020-06-04T17:00:00+0000,6.1,2.54
Munich,2020-06-05T17:00:00+0000,6,1.95
Munich,2020-06-06T17:00:00+0000,5.8,1.37
Munich,2020-06-07T17:00:00+0000,5.7,0.98
Munich,2020-06-08T17:00:00+0000,5.5,0.59
Munich,2020-06-09T17:00:00+0000,5.3,0.2
Munich,2020-06-10T17:00:00+0000,5.2,0
Munich,2020-06-11T17:00:00+0000,5.2,0
Munich,2020-06-12T17:00:00+0000,5.2,0
Munich,2020-06-13T17:00:00+0000,5.3,0
Munich,2020-06-14T17:00:00+0000,5.4,0
Munich,2020-06-15T17:00:00+0000,5.6,0
Munich,2020-06-16T17:00:00+0000,5.7,0
Munich,2020-06-17T17:00:00+0000,5.9,0
Munich,2020-06-18T17:00:00+0000,6.1,0
Munich,2020-06-19T17:00:00+0000,6.2,0
Munich,2020-06-20T17:00:00+0000,6.4,0
Munich,2020-06-21T17:00:00+0000,6.6,0
Munich,2020-06-22T17:00:00+0000,6.8,0
Munich,2020-06-23T17:00:00+0000,7,0
Munich,2020-06-24T17:00:00+0000,7.3,0
Munich,2020-06-25T17:00:00+0000,7.6,0
Munich,2020-06-26T17:00:00+0000,8,0
Munich,2020-06-27T17:00:00+0000,8.3,0
Munich,2020-06-28T17:00:00+0000,8.5,0
Munich,2020-06-29T17:00:00+0000,8.9,0
Munich,2020-06-30T17:00:00+0000,9.1,0
Munich,2020-07-01T17:00:00+0000,9.3,0
Munich,2020-07-02T17:00:00+0000,9.5,0
Munich,2020-07-03T17:00:00+0000,9.6,0
Munich,2020-07-04T17:00:00+0000,9.7,0
Munich,2020-07-05T17:00:00+0000,9.8,0
Munich,2020-07-06T17:00:00+0000,9.8,0
Munich,2020-07-07T17:00:00+0000,9.8,0
Munich,2020-07-08T17:00:00+0000,9.8,0
Munich,2020-07-09T17:00:00+0000,9.8,0
Munich,2020-07-10T17:00:00+0000,9.8,0
Munich,2020-07-11T17:00:00+0000,9.8,0
Munich,2020-07-12T17:00:00+0000,9.8,0
Munich,2020-07-13T17:00:00+0000,9.8,0
Munich,2020-07-14T17:00:00+0000,9.7,0
Munich,2020-07-15T17:00:00+0000,9.6,0
Munich,2020-07-16T17:00:00+0000,9.5,0
Munich,2020-07-17T17:00:00+0000,9.4,0
Munich,2020-07-18T17:00:00+0000,9.3,0
Munich,2020-07-19T17:00:00+0000,9.1,0
Munich,2020-07-20T17:00:00+0000,8.9,0
Munich,2020-07-21T17:00:00+0000,8.9,0
Munich,2020-07-22T17:00:00+0000,8.9,0
Munich,2020-07-23T17:00:00+0000,8.9,0
Munich,2020-07-24T17:00:00+0000,8.9,0
Munich,2020-07-25T17:00:00+0000,8.9,0
Munich,2020-07-26T17:00:00+0000,9,0
Munich,2020-07-27T17:00:00+0000,9.1,0
Munich,2020-07-28T17:00:00+0000,9.2,0
Munich,2020-07-29T17:00:00+0000,9.2,0
Munich,2020-07-30T17:00:00+0000,9.3,0
Munich,2020-07-31T17:00:00+0000,9.4,0
Munich,2020-08-01T17:00:00+0000,9.7,0
Munich,2020-08-02T17:00:00+0000,10,0
Munich,2020-08-03T17:00:00+0000,10.5,0
Munich,2020-08-04T17:00:00+0000,11.1,0
Munich,2020-08-05T17:00:00+0000,11.8,0
Munich,2020-08-06T17:00:00+0000,12.6,0
Munich,2020-08-07T17:00:00+0000,13.5,0
Munich,2020-08-08T17:00:00+0000,14.6,0
Munich,2020-08-09T17:00:00+0000,15.7,0
Munich,2020-08-10T17:00:00+0000,17,0
Munich,2020-08-11T17:00:00+0000,18.4,0
Munich,2020-08-12T17:00:00+0000,19.8,0
Munich,2020-08-13T17:00:00+0000,21.4,0
Munich,2020-08-14T17:00:00+0000,23,0
Munich,2020-08-15T17:00:00+0000,24.7,0
Munich,2020-08-16T17:00:00+0000,26.4,0
Munich,2020-08-17T17:00:00+0000,28.2,0
Munich,2020-08-18T17:00:00+0000,29.9,0
Munich,2020-08-19T17:00:00+0000,31.6,0
Munich,2020-08-20T17:00:00+0000,33.2,0
Munich,2020-08-21T17:00:00+0000,34.7,0
Munich,2020-08-22T17:00:00+0000,36.1,0
Munich,2020-08-23T17:00:00+0000,37.4,0
Munich,2020-08-24T17:00:00+0000,38.4,0
Munich,2020-08-25T17:00:00+0000,39.5,0
Munich,2020-08-26T17:00:00+0000,40.5,0
Munich,2020-08-27T17:00:00+0000,41.6,0
Munich,2020-08-28T17:00:00+0000,42.6,0
Munich,2020-08-29T17:00:00+0000,43.6,0
Munich,2020-08-30T17:00:00+0000,44.5,0
Munich,2020-08-31T17:00:00+0000,45.4,0
Munich,2020-09-01T17:00:00+0000,46.2,0
Munich,2020-09-02T17:00:00+0000,47,0
Munich,2020-09-03T17:00:00+0000,47.5,0
Munich,2020-09-04T17:00:00+0000,48,0
Munich,2020-09-05T17:00:00+0000,48.6,0
Munich,2020-09-06T17:00:00+0000,49.3,0
Munich,2020-09-07T17:00:00+0000,50.1,0
Munich,2020-09-08T17:00:00+0000,51,0
Munich,2020-09-09T17:00:00+0000,52,0
Munich,2020-09-10T17:00:00+0000,53,0
Munich,2020-09-11T17:00:00+0000,54.1,0
Munich,2020-09-12T17:00:00+0000,55.1,0
Munich,2020-09-13T17:00:00+0000,55.9,0
Munich,2020-09-14T17:00:00+0000,56.6,0.2
Munich,2020-09-15T17:00:00+0000,57,0.59
Munich,2020-09-16T17:00:00+0000,57.3,1.17
Munich,2020-09-17T17:00:00+0000,57.5,1.95
Munich,2020-09-18T17:00:00+0000,57.5,2.73
Munich,2020-09-19T17:00:00+0000,57.3,3.51
Munich,2020-09-20T17:00:00+0000,57.1,4.29
Munich,2020-09-21T17:00:00+0000,56.9,4.88
Munich,2020-09-22T17:00:00+0000,56.6,5.27
Munich,2020-09-23T17:00:00+0000,56.2,5.46
Munich,2020-09-24T17:00:00+0000,55.8,5.66
Munich,2020-09-25T17:00:00+0000,55.5,6.05
Munich,2020-09-26T17:00:00+0000,55.2,6.64
Munich,2020-09-27T17:00:00+0000,54.9,7.42
Munich,2020-09-28T17:00:00+0000,54.6,8.39
Munich,2020-09-29T17:00:00+0000,54.3,9.56
Munich,2020-09-30T17:00:00+0000,54.2,10.93
Munich,2020-10-01T17:00:00+0000,54.3,12.1
Munich,2020-10-02T17:00:00+0000,54.8,13.08
Munich,2020-10-03T17:00:00+0000,55.4,13.86
Munich,2020-10-04T17:00:00+0000,56.5,14.64
Munich,2020-10-05T17:00:00+0000,57.9,15.22
Munich,2020-10-06T17:00:00+0000,59.7,15.42
Munich,2020-10-07T17:00:00+0000,61.6,15.22
Munich,2020-10-08T17:00:00+0000,63.9,15.22
Munich,2020-10-09T17:00:00+0000,66.3,15.61
Munich,2020-10-10T17:00:00+0000,68.9,16
Munich,2020-10-11T17:00:00+0000,71.7,16.2
Munich,2020-10-12T17:00:00+0000,74.8,16.39
Munich,2020-10-13T17:00:00+0000,78.2,16.98
Munich,2020-10-14T17:00:00+0000,82,18.15
Munich,2020-10-15T17:00:00+0000,86.3,19.13
Munich,2020-10-16T17:00:00+0000,90.8,19.71
Munich,2020-10-17T17:00:00+0000,95.7,20.69
Munich,2020-10-18T17:00:00+0000,101,22.05
Munich,2020-10-19T17:00:00+0000,106.4,23.81
Munich,2020-10-20T17:00:00+0000,112,26.35
Munich,2020-10-21T17:00:00+0000,117.8,28.88
Munich,2020-10-22T17:00:00+0000,123.5,32.01
Munich,2020-10-23T17:00:00+0000,129.3,35.71
Munich,2020-10-24T17:00:00+0000,135.2,39.62
Munich,2020-10-25T17:00:00+0000,141.1,43.52
Munich,2020-10-26T17:00:00+0000,147.3,47.42
Munich,2020-10-27T17:00:00+0000,153.7,50.94
Munich,2020-10-28T17:00:00+0000,160.2,54.64
Munich,2020-10-29T17:00:00+0000,167.2,58.74
Munich,2020-10-30T17:00:00+0000,174.7,63.43
Munich,2020-10-31T17:00:00+0000,182.5,69.09
Munich,2020-11-01T17:00:00+0000,190.5,75.92
Munich,2020-11-02T17:00:00+0000,198.5,83.92
Munich,2020-11-03T17:00:00+0000,206.5,92.7
Munich,2020-11-04T17:00:00+0000,214.2,102.07
Munich,2020-11-05T17:00:00+0000,221.6,112.02
Munich,2020-11-06T17:00:00+0000,228.4,122.17
Munich,2020-11-07T17:00:00+0000,234.8,131.73
Munich,2020-11-08T17:00:00+0000,240.7,140.52
Munich,2020-11-09T17:00:00+0000,246.1,148.71
Munich,2020-11-10T17:00:00+0000,251.2,155.93
Munich,2020-11-11T17:00:00+0000,256.1,162.76
Munich,2020-11-12T17:00:00+0000,260.5,168.81
Munich,2020-11-13T17:00:00+0000,264.6,174.28
Munich,2020-11-14T17:00:00+0000,268,179.55
Munich,2020-11-15T17:00:00+0000,270.5,184.82
Munich,2020-11-16T17:00:00+0000,272.5,189.89
Munich,2020-11-17T17:00:00+0000,273.9,195.36
Munich,2020-11-18T17:00:00+0000,274.8,201.21
Munich,2020-11-19T17:00:00+0000,274.8,206.87
Munich,2020-11-20T17:00:00+0000,273.8,212.53
Munich,2020-11-21T17:00:00+0000,272.5,218.19
Munich,2020-11-22T17:00:00+0000,271.1,223.85
Munich,2020-11-23T17:00:00+0000,269.3,229.51
Munich,2020-11-24T17:00:00+0000,267.5,235.17
Munich,2020-11-25T17:00:00+0000,265.7,240.44
Munich,2020-11-26T17:00:00+0000,264.3,245.9
Munich,2020-11-27T17:00:00+0000,263.4,250.98
Munich,2020-11-28T17:00:00+0000,263,255.66
Munich,2020-11-29T17:00:00+0000,263.2,260.15
Munich,2020-11-30T17:00:00+0000,263.7,265.03
Munich,2020-12-01T17:00:00+0000,264.2,270.3
Munich,2020-12-02T17:00:00+0000,264.8,276.54
Munich,2020-12-03T17:00:00+0000,265.3,284.35
Munich,2020-12-04T17:00:00+0000,266.4,294.11
Munich,2020-12-05T17:00:00+0000,268.4,305.82
Munich,2020-12-06T17:00:00+0000,271.3,319.28
Munich,2020-12-07T17:00:00+0000,274.9,333.92
Munich,2020-12-08T17:00:00+0000,279.2,348.56
Munich,2020-12-09T17:00:00+0000,284.1,362.02
Munich,2020-12-10T17:00:00+0000,289.5,373.34
Munich,2020-12-11T17:00:00+0000,294.3,381.93
Munich,2020-12-12T17:00:00+0000,297.5,387.2
Munich,2020-12-13T17:00:00+0000,299.1,389.15
Munich,2020-12-14T17:00:00+0000,299.8,387.78
Munich,2020-12-15T17:00:00+0000,299.2,385.05
Munich,2020-12-16T17:00:00+0000,297.3,381.73
Munich,2020-12-17T17:00:00+0000,294,378.42
Munich,2020-12-18T17:00:00+0000,290.4,376.27
Munich,2020-12-19T17:00:00+0000,286.6,375.88
Munich,2020-12-20T17:00:00+0000,282.5,376.85
Munich,2020-12-21T17:00:00+0000,278.1,378.22
Munich,2020-12-22T17:00:00+0000,273.7,379
Munich,2020-12-23T17:00:00+0000,269.1,378.61
Munich,2020-12-24T17:00:00+0000,264.5,376.07
Munich,2020-12-25T17:00:00+0000,259.4,370.8
Munich,2020-12-26T17:00:00+0000,253.9,363
Munich,2020-12-27T17:00:00+0000,248,352.85
Munich,2020-12-28T17:00:00+0000,241.6,341.14
Munich,2020-12-29T17:00:00+0000,234.7,329.04
Munich,2020-12-30T17:00:00+0000,227.6,317.14
Munich,2020-12-31T17:00:00+0000,220.4,306.01
Munich,2021-01-01T17:00:00+0000,214.2,295.86
Munich,2021-01-02T17:00:00+0000,209.1,287.08
Munich,2021-01-03T17:00:00+0000,205,279.86
Munich,2021-01-04T17:00:00+0000,201.6,274.4
Munich,2021-01-05T17:00:00+0000,199,268.54
Munich,2021-01-06T17:00:00+0000,196.8,261.9
Munich,2021-01-07T17:00:00+0000,195,254.29
Munich,2021-01-08T17:00:00+0000,192.6,245.32
Munich,2021-01-09T17:00:00+0000,189.7,234.39
Munich,2021-01-10T17:00:00+0000,186.1,221.9
Munich,2021-01-11T17:00:00+0000,182.3,208.24
Munich,2021-01-12T17:00:00+0000,178.1,194.96
Munich,2021-01-13T17:00:00+0000,173.9,182.28
Munich,2021-01-14T17:00:00+0000,169.4,170.77
Munich,2021-01-15T17:00:00+0000,164.8,160.62
Munich,2021-01-16T17:00:00+0000,159.9,151.64
Munich,2021-01-17T17:00:00+0000,154.8,143.64
Munich,2021-01-18T17:00:00+0000,149.5,136.42
Munich,2021-01-19T17:00:00+0000,143.9,129.78
Munich,2021-01-20T17:00:00+0000,138,123.73
Munich,2021-01-21T17:00:00+0000,131.6,118.46
Munich,2021-01-22T17:00:00+0000,125,113.97
Munich,2021-01-23T17:00:00+0000,118.6,110.46
Munich,2021-01-24T17:00:00+0000,112.5,107.73
Munich,2021-01-25T17:00:00+0000,106.6,105.58
Munich,2021-01-26T17:00:00+0000,101.1,103.63
Munich,2021-01-27T17:00:00+0000,96,101.87
Munich,2021-01-28T17:00:00+0000,91.4,99.92
Munich,2021-01-29T17:00:00+0000,87.3,97.97
Munich,2021-01-30T17:00:00+0000,83.4,96.02
Munich,2021-01-31T17:00:00+0000,79.8,94.07
Munich,2021-02-01T17:00:00+0000,76.4,91.92
Munich,2021-02-02T17:00:00+0000,73.3,89.58
Munich,2021-02-03T17:00:00+0000,70.2,86.85
Munich,2021-02-04T17:00:00+0000,67.2,83.72
Munich,2021-02-05T17:00:00+0000,64.4,80.02
Munich,2021-02-06T17:00:00+0000,61.8,75.72
Munich,2021-02-07T17:00:00+0000,59.3,70.84
Munich,2021-02-08T17:00:00+0000,56.9,65.57
Munich,2021-02-09T17:00:00+0000,54.6,60.11
Munich,2021-02-10T17:00:00+0000,52.6,54.84
Munich,2021-02-11T17:00:00+0000,51,49.77
Munich,2021-02-12T17:00:00+0000,49.5,44.69
Munich,2021-02-13T17:00:00+0000,48.2,39.62
Munich,2021-02-14T17:00:00+0000,47.1,34.54
Munich,2021-02-15T17:00:00+0000,46.3,29.47
Munich,2021-02-16T17:00:00+0000,45.7,25.18
Munich,2021-02-17T17:00:00+0000,45.1,21.47
Munich,2021-02-18T17:00:00+0000,44.5,18.35
Munich,2021-02-19T17:00:00+0000,44.2,16.2
Munich,2021-02-20T17:00:00+0000,44,15.03
Munich,2021-02-21T17:00:00+0000,44.1,14.64
Munich,2021-02-22T17:00:00+0000,44.3,15.03
Munich,2021-02-23T17:00:00+0000,44.9,15.42
Munich,2021-02-24T17:00:00+0000,45.8,16
Munich,2021-02-25T17:00:00+0000,47,16.78
Munich,2021-02-26T17:00:00+0000,48.5,17.56
Munich,2021-02-27T17:00:00+0000,50.3,18.35
Munich,2021-02-28T17:00:00+0000,52.4,19.32
Munich,2021-03-01T17:00:00+0000,54.7,20.49
Munich,2021-03-02T17:00:00+0000,57.1,21.86
Munich,2021-03-03T17:00:00+0000,59.7,23.03
Munich,2021-03-04T17:00:00+0000,62.3,24
Munich,2021-03-05T17:00:00+0000,64.9,25.18
Munich,2021-03-06T17:00:00+0000,67.6,26.54
Munich,2021-03-07T17:00:00+0000,70.3,28.1
Munich,2021-03-08T17:00:00+0000,73.1,29.86
Munich,2021-03-09T17:00:00+0000,75.9,31.62
Munich,2021-03-10T17:00:00+0000,78.9,33.57
Munich,2021-03-11T17:00:00+0000,82,35.71
Munich,2021-03-12T17:00:00+0000,85.2,37.47
Munich,2021-03-13T17:00:00+0000,88.4,38.84
Munich,2021-03-14T17:00:00+0000,91.6,40.01
Munich,2021-03-15T17:00:00+0000,94.9,40.98
Munich,2021-03-16T17:00:00+0000,98.2,41.96
Munich,2021-03-17T17:00:00+0000,101.6,42.94
Munich,2021-03-18T17:00:00+0000,105,43.91
Munich,2021-03-19T17:00:00+0000,108.4,45.08
Munich,2021-03-20T17:00:00+0000,111.5,46.45
Munich,2021-03-21T17:00:00+0000,114.1,47.81
Munich,2021-03-22T17:00:00+0000,116.2,49.18
Munich,2021-03-23T17:00:00+0000,118,50.55
Munich,2021-03-24T17:00:00+0000,119.3,51.91
Munich,2021-03-25T17:00:00+0000,120.1,53.08
Munich,2021-03-26T17:00:00+0000,120.5,53.86
Munich,2021-03-27T17:00:00+0000,121.1,54.25
Munich,2021-03-28T17:00:00+0000,121.8,54.25
Munich,2021-03-29T17:00:00+0000,122.9,53.86
Munich,2021-03-30T17:00:00+0000,124.2,53.28
Munich,2021-03-31T17:00:00+0000,125.8,52.3
Munich,2021-04-01T17:00:00+0000,127.8,51.13
Munich,2021-04-02T17:00:00+0000,130,49.96
Munich,2021-04-03T17:00:00+0000,132.5,48.99
Munich,2021-04-04T17:00:00+0000,135.4,48.2
Munich,2021-04-05T17:00:00+0000,138.5,47.62
Munich,2021-04-06T17:00:00+0000,141.9,47.03
Munich,2021-04-07T17:00:00+0000,145.2,46.64
Munich,2021-04-08T17:00:00+0000,148.8,46.45
Munich,2021-04-09T17:00:00+0000,152.4,46.45
Munich,2021-04-10T17:00:00+0000,156,46.64
Munich,2021-04-11T17:00:00+0000,159.7,47.03
Munich,2021-04-12T17:00:00+0000,163.4,47.62
Munich,2021-04-13T17:00:00+0000,167.1,48.4
Munich,2021-04-14T17:00:00+0000,171.1,49.38
Munich,2021-04-15T17:00:00+0000,175.1,50.74
Munich,2021-04-16T17:00:00+0000,179.2,52.5
Munich,2021-04-17T17:00:00+0000,182.9,54.45
Munich,2021-04-18T17:00:00+0000,186.1,56.6
Munich,2021-04-19T17:00:00+0000,188.8,58.74
Munich,2021-04-20T17:00:00+0000,190.9,60.69
Munich,2021-04-21T17:00:00+0000,192.4,62.65
Munich,2021-04-22T17:00:00+0000,193.3,64.4
Munich,2021-04-23T17:00:00+0000,193.4,65.96
Munich,2021-04-24T17:00:00+0000,192.6,67.14
Munich,2021-04-25T17:00:00+0000,190.8,67.72
Munich,2021-04-26T17:00:00+0000,188.1,67.92
Munich,2021-04-27T17:00:00+0000,184.5,67.92
Munich,2021-04-28T17:00:00+0000,180.2,67.53
Munich,2021-04-29T17:00:00+0000,174.9,66.94
Munich,2021-04-30T17:00:00+0000,169,66.16
Munich,2021-05-01T17:00:00+0000,163.2,65.18
Munich,2021-05-02T17:00:00+0000,157.4,64.21
Munich,2021-05-03T17:00:00+0000,151.6,63.23
Munich,2021-05-04T17:00:00+0000,145.7,62.26
Munich,2021-05-05T17:00:00+0000,139.8,61.09
Munich,2021-05-06T17:00:00+0000,133.9,59.52
Munich,2021-05-07T17:00:00+0000,128.2,57.57
Munich,2021-05-08T17:00:00+0000,122.5,55.43
Munich,2021-05-09T17:00:00+0000,116.8,53.08
Munich,2021-05-10T17:00:00+0000,111.2,50.74
Munich,2021-05-11T17:00:00+0000,105.7,48.2
Munich,2021-05-12T17:00:00+0000,100.1,45.67
Munich,2021-05-13T17:00:00+0000,94.6,43.13
Munich,2021-05-14T17:00:00+0000,89.1,40.59
Munich,2021-05-15T17:00:00+0000,83.9,38.06
Munich,2021-05-16T17:00:00+0000,79.1,35.71
Munich,2021-05-17T17:00:00+0000,74.6,33.37
Munich,2021-05-18T17:00:00+0000,70.7,31.23
Munich,2021-05-19T17:00:00+0000,67.1,29.27
Munich,2021-05-20T17:00:00+0000,64,27.52
Munich,2021-05-21T17:00:00+0000,61.2,25.96
Munich,2021-05-22T17:00:00+0000,58.6,24.59
Munich,2021-05-23T17:00:00+0000,56.1,23.03
Munich,2021-05-24T17:00:00+0000,53.6,21.27
Munich,2021-05-25T17:00:00+0000,51.2,19.32
Munich,2021-05-26T17:00:00+0000,49,17.37
Munich,2021-05-27T17:00:00+0000,47,15.42
Munich,2021-05-28T17:00:00+0000,44.9,13.47
Munich,2021-05-29T17:00:00+0000,43,11.51
Munich,2021-05-30T17:00:00+0000,41.2,9.76
Munich,2021-05-31T17:00:00+0000,39.5,8.2
Munich,2021-06-01T17:00:00+0000,37.9,7.03
Munich,2021-06-02T17:00:00+0000,36.3,6.05
Munich,2021-06-03T17:00:00+0000,34.8,5.27
Munich,2021-06-04T17:00:00+0000,33.4,4.68
Munich,2021-06-05T17:00:00+0000,32,4.29
Munich,2021-06-06T17:00:00+0000,30.7,4.1
Munich,2021-06-07T17:00:00+0000,29.4,4.1
Munich,2021-06-08T17:00:00+0000,28.2,4.1
Munich,2021-06-09T17:00:00+0000,27,4.1
Munich,2021-06-10T17:00:00+0000,25.8,3.9
Munich,2021-06-11T17:00:00+0000,24.7,3.51
Munich,2021-06-12T17:00:00+0000,23.6,2.93
Munich,2021-06-13T17:00:00+0000,22.6,2.34
Munich,2021-06-14T17:00:00+0000,21.6,1.76
Munich,2021-06-15T17:00:00+0000,20.7,1.17
Munich,2021-06-16T17:00:00+0000,19.9,0.59
Munich,2021-06-17T17:00:00+0000,19.2,0.2
Munich,2021-06-18T17:00:00+0000,18.4,0
Munich,2021-06-19T17:00:00+0000,17.7,0
Munich,2021-06-20T17:00:00+0000,17,0
Munich,2021-06-21T17:00:00+0000,16.5,0
Munich,2021-06-22T17:00:00+0000,15.9,0
Munich,2021-06-23T17:00:00+0000,15.3,0
Munich,2021-06-24T17:00:00+0000,14.8,0
Munich,2021-06-25T17:00:00+0000,14.5,0
Munich,2021-06-26T17:00:00+0000,14.3,0
Munich,2021-06-27T17:00:00+0000,14,0
Munich,2021-06-28T17:00:00+0000,13.9,0
Munich,2021-06-29T17:00:00+0000,13.8,0
Munich,2021-06-30T17:00:00+0000,13.9,0
Munich,2021-07-01T17:00:00+0000,14,0
Munich,2021-07-02T17:00:00+0000,14.3,0
Munich,2021-07-03T17:00:00+0000,14.6,0
Munich,2021-07-04T17:00:00+0000,15,0
Munich,2021-07-05T17:00:00+0000,15.5,0
Munich,2021-07-06T17:00:00+0000,16.1,0
Munich,2021-07-07T17:00:00+0000,16.8,0
Munich,2021-07-08T17:00:00+0000,17.5,0
Munich,2021-07-09T17:00:00+0000,18.2,0
Munich,2021-07-10T17:00:00+0000,18.9,0
Munich,2021-07-11T17:00:00+0000,19.8,0
Munich,2021-07-12T17:00:00+0000,20.6,0
Munich,2021-07-13T17:00:00+0000,21.4,0
Munich,2021-07-14T17:00:00+0000,22.3,0
Munich,2021-07-15T17:00:00+0000,23.3,0
Munich,2021-07-16T17:00:00+0000,24.3,0
Munich,2021-07-17T17:00:00+0000,25.3,0
Munich,2021-07-18T17:00:00+0000,26.3,0
Munich,2021-07-19T17:00:00+0000,27.4,0
Munich,2021-07-20T17:00:00+0000,28.4,0
Munich,2021-07-21T17:00:00+0000,29.3,0
Munich,2021-07-22T17:00:00+0000,30.1,0
Munich,2021-07-23T17:00:00+0000,30.8,0
Munich,2021-07-24T17:00:00+0000,31.5,0
Munich,2021-07-25T17:00:00+0000,32.1,0
Munich,2021-07-26T17:00:00+0000,32.6,0
Munich,2021-07-27T17:00:00+0000,33.1,0
Munich,2021-07-28T17:00:00+0000,33.6,0
Munich,2021-07-29T17:00:00+0000,34,0
Munich,2021-07-30T17:00:00+0000,34.4,0
Munich,2021-07-31T17:00:00+0000,34.8,0
Munich,2021-08-01T17:00:00+0000,35.1,0
Munich,2021-08-02T17:00:00+0000,35.4,0
Munich,2021-08-03T17:00:00+0000,35.7,0
Munich,2021-08-04T17:00:00+0000,36,0.2
Munich,2021-08-05T17:00:00+0000,36.3,0.59
Munich,2021-08-06T17:00:00+0000,36.6,0.98
Munich,2021-08-07T17:00:00+0000,37.2,1.56
Munich,2021-08-08T17:00:00+0000,38,2.34
Munich,2021-08-09T17:00:00+0000,39.1,3.32
Munich,2021-08-10T17:00:00+0000,40.4,4.29
Munich,2021-08-11T17:00:00+0000,42,5.07
Munich,2021-08-12T17:00:00+0000,44,5.85
Munich,2021-08-13T17:00:00+0000,46.4,6.83
Munich,2021-08-14T17:00:00+0000,49,7.81
Munich,2021-08-15T17:00:00+0000,51.9,8.78
Munich,2021-08-16T17:00:00+0000,55,9.76
Munich,2021-08-17T17:00:00+0000,58.5,11.12
Munich,2021-08-18T17:00:00+0000,62.5,12.88
Munich,2021-08-19T17:00:00+0000,66.8,14.83
Munich,2021-08-20T17:00:00+0000,71.5,16.98
Munich,2021-08-21T17:00:00+0000,76.5,19.32
Munich,2021-08-22T17:00:00+0000,81.7,21.86
Munich,2021-08-23T17:00:00+0000,87.3,24.59
Munich,2021-08-24T17:00:00+0000,92.8,27.32
Munich,2021-08-25T17:00:00+0000,98.3,29.86
Munich,2021-08-26T17:00:00+0000,103.6,32.4
Munich,2021-08-27T17:00:00+0000,108.8,35.13
Munich,2021-08-28T17:00:00+0000,113.6,37.86
Munich,2021-08-29T17:00:00+0000,118.1,40.59
Munich,2021-08-30T17:00:00+0000,122.3,43.13
Munich,2021-08-31T17:00:00+0000,126.2,45.67
Munich,2021-09-01T17:00:00+0000,129.9,48.4
Munich,2021-09-02T17:00:00+0000,133.2,50.94
Munich,2021-09-03T17:00:00+0000,136.1,53.08
Munich,2021-09-04T17:00:00+0000,139,55.04
Munich,2021-09-05T17:00:00+0000,141.7,56.79
Munich,2021-09-06T17:00:00+0000,144.3,58.35
Munich,2021-09-07T17:00:00+0000,146.7,59.52
Munich,2021-09-08T17:00:00+0000,148.8,60.11
Munich,2021-09-09T17:00:00+0000,150.7,60.11
Munich,2021-09-10T17:00:00+0000,152.2,59.52
Munich,2021-09-11T17:00:00+0000,153.3,58.55
Munich,2021-09-12T17:00:00+0000,154,56.99
Munich,2021-09-13T17:00:00+0000,154.3,55.23
Munich,2021-09-14T17:00:00+0000,154.6,53.28
Munich,2021-09-15T17:00:00+0000,154.8,51.52
Munich,2021-09-16T17:00:00+0000,154.9,49.96
Munich,2021-09-17T17:00:00+0000,155.1,48.4
Munich,2021-09-18T17:00:00+0000,155.3,46.64
Munich,2021-09-19T17:00:00+0000,155.7,45.08
Munich,2021-09-20T17:00:00+0000,156.1,43.72
Munich,2021-09-21T17:00:00+0000,156.4,42.35
Munich,2021-09-22T17:00:00+0000,156.6,40.79
Munich,2021-09-23T17:00:00+0000,156.6,39.23
Munich,2021-09-24T17:00:00+0000,156.8,38.06
Munich,2021-09-25T17:00:00+0000,156.7,37.28
Munich,2021-09-26T17:00:00+0000,156.4,36.69
Munich,2021-09-27T17:00:00+0000,155.7,36.1
Munich,2021-09-28T17:00:00+0000,154.8,35.52
Munich,2021-09-29T17:00:00+0000,153.8,35.13
Munich,2021-09-30T17:00:00+0000,152.5,35.32
Munich,2021-10-01T17:00:00+0000,150.8,35.71
Munich,2021-10-02T17:00:00+0000,149.7,36.1
Munich,2021-10-03T17:00:00+0000,148.9,36.69
Munich,2021-10-04T17:00:00+0000,148.5,37.28
Munich,2021-10-05T17:00:00+0000,148.7,38.25
Munich,2021-10-06T17:00:00+0000,149.3,39.23
Munich,2021-10-07T17:00:00+0000,150.4,39.81
Munich,2021-10-08T17:00:00+0000,152.4,40.4
Munich,2021-10-09T17:00:00+0000,154.7,41.18
Munich,2021-10-10T17:00:00+0000,157.5,41.76
Munich,2021-10-11T17:00:00+0000,160.6,42.35
Munich,2021-10-12T17:00:00+0000,164.3,42.94
Munich,2021-10-13T17:00:00+0000,168.6,43.72
Munich,2021-10-14T17:00:00+0000,173.7,44.69
Munich,2021-10-15T17:00:00+0000,179.1,45.47
Munich,2021-10-16T17:00:00+0000,185.2,46.06
Munich,2021-10-17T17:00:00+0000,191.8,46.84
Munich,2021-10-18T17:00:00+0000,199.1,48.01
Munich,2021-10-19T17:00:00+0000,206.8,49.57
Munich,2021-10-20T17:00:00+0000,215,51.52
Munich,2021-10-21T17:00:00+0000,223.4,53.67
Munich,2021-10-22T17:00:00+0000,231.8,56.4
Munich,2021-10-23T17:00:00+0000,238.9,59.72
Munich,2021-10-24T17:00:00+0000,244.8,63.43
Munich,2021-10-25T17:00:00+0000,249.3,66.94
Munich,2021-10-26T17:00:00+0000,252.5,69.87
Munich,2021-10-27T17:00:00+0000,254.2,72.21
Munich,2021-10-28T17:00:00+0000,254.2,74.16
Munich,2021-10-29T17:00:00+0000,253,75.53
Munich,2021-10-30T17:00:00+0000,251.9,76.5
Munich,2021-10-31T17:00:00+0000,252.5,77.09
Munich,2021-11-01T17:00:00+0000,255.7,77.67
Munich,2021-11-02T17:00:00+0000,261.6,78.45
Munich,2021-11-03T17:00:00+0000,270.6,79.43
Munich,2021-11-04T17:00:00+0000,282.7,80.6
Munich,2021-11-05T17:00:00+0000,298.4,81.97
Munich,2021-11-06T17:00:00+0000,316.6,83.33
Munich,2021-11-07T17:00:00+0000,335.7,84.5
Munich,2021-11-08T17:00:00+0000,355.1,85.48
Munich,2021-11-09T17:00:00+0000,374.4,86.07
Munich,2021-11-10T17:00:00+0000,393.5,86.07
Munich,2021-11-11T17:00:00+0000,412.4,85.48
Munich,2021-11-12T17:00:00+0000,431.2,84.31
Munich,2021-11-13T17:00:00+0000,449.8,82.55
Munich,2021-11-14T17:00:00+0000,468.4,80.41
Munich,2021-11-15T17:00:00+0000,486.2,78.06
Munich,2021-11-16T17:00:00+0000,503.6,75.72
Munich,2021-11-17T17:00:00+0000,520.5,73.58
Munich,2021-11-18T17:00:00+0000,537,71.62
Munich,2021-11-19T17:00:00+0000,552.4,69.77
Munich,2021-11-20T17:00:00+0000,566.7,67.92
Munich,2021-11-21T17:00:00+0000,578.6,65.96
Munich,2021-11-22T17:00:00+0000,588.5,64.01
Munich,2021-11-23T17:00:00+0000,596.1,62.04
Munich,2021-11-24T17:00:00+0000,600.8,60.02
Munich,2021-11-25T17:00:00+0000,602.5,57.93
Munich,2021-11-26T17:00:00+0000,600.8,55.84
Munich,2021-11-27T17:00:00+0000,596.5,53.79
Munich,2021-11-28T17:00:00+0000,590.7,51.84
Munich,2021-11-29T17:00:00+0000,583.5,49.63
Munich,2021-11-30T17:00:00+0000,574.8,47.11
Munich,2021-12-01T17:00:00+0000,564.8,44.59
LK Munich,2020-03-02T17:00:00+0000,0.6,0
LK Munich,2020-03-03T17:00:00+0000,1.1,0
LK Munich,2020-03-04T17:00:00+0000,2,0
LK Munich,2020-03-05T17:00:00+0000,3.1,0
LK Munich,2020-03-06T17:00:00+0000,4.6,0
LK Munich,2020-03-07T17:00:00+0000,6.3,0
LK Munich,2020-03-08T17:00:00+0000,8.6,0
LK Munich,2020-03-09T17:00:00+0000,10.6,0
LK Munich,2020-03-10T17:00:00+0000,12.9,0.68
LK Munich,2020-03-11T17:00:00+0000,15.1,2.04
LK Munich,2020-03-12T17:00:00+0000,17.7,4.08
LK Munich,2020-03-13T17:00:00+0000,20.6,6.8
LK Munich,2020-03-14T17:00:00+0000,23.4,10.2
LK Munich,2020-03-15T17:00:00+0000,26.3,14.29
LK Munich,2020-03-16T17:00:00+0000,29.4,19.73
LK Munich,2020-03-17T17:00:00+0000,32.6,25.85
LK Munich,2020-03-18T17:00:00+0000,36,32.65
LK Munich,2020-03-19T17:00:00+0000,39.4,40.82
LK Munich,2020-03-20T17:00:00+0000,42.9,50.34
LK Munich,2020-03-21T17:00:00+0000,46.6,61.9
LK Munich,2020-03-22T17:00:00+0000,50.3,74.15
LK Munich,2020-03-23T17:00:00+0000,54.3,85.71
LK Munich,2020-03-24T17:00:00+0000,58.6,98.64
LK Munich,2020-03-25T17:00:00+0000,62.9,112.93
LK Munich,2020-03-26T17:00:00+0000,66.9,127.21
LK Munich,2020-03-27T17:00:00+0000,70.3,141.5
LK Munich,2020-03-28T17:00:00+0000,73.1,155.1
LK Munich,2020-03-29T17:00:00+0000,75.4,169.39
LK Munich,2020-03-30T17:00:00+0000,76.9,185.03
LK Munich,2020-03-31T17:00:00+0000,77.7,198.64
LK Munich,2020-04-01T17:00:00+0000,77.7,210.2
LK Munich,2020-04-02T17:00:00+0000,77.1,219.73
LK Munich,2020-04-03T17:00:00+0000,76.3,227.21
LK Munich,2020-04-04T17:00:00+0000,75.1,232.65
LK Munich,2020-04-05T17:00:00+0000,73.7,236.05
LK Munich,2020-04-06T17:00:00+0000,72,236.73
LK Munich,2020-04-07T17:00:00+0000,70.3,236.05
LK Munich,2020-04-08T17:00:00+0000,68.3,234.01
LK Munich,2020-04-09T17:00:00+0000,66.3,230.61
LK Munich,2020-04-10T17:00:00+0000,64,225.85
LK Munich,2020-04-11T17:00:00+0000,61.7,219.05
LK Munich,2020-04-12T17:00:00+0000,58.9,211.56
LK Munich,2020-04-13T17:00:00+0000,55.7,204.08
LK Munich,2020-04-14T17:00:00+0000,51.7,194.56
LK Munich,2020-04-15T17:00:00+0000,48,182.99
LK Munich,2020-04-16T17:00:00+0000,44.3,170.75
LK Munich,2020-04-17T17:00:00+0000,40.9,157.82
LK Munich,2020-04-18T17:00:00+0000,37.4,144.9
LK Munich,2020-04-19T17:00:00+0000,34.6,130.61
LK Munich,2020-04-20T17:00:00+0000,32,115.65
LK Munich,2020-04-21T17:00:00+0000,30,102.04
LK Munich,2020-04-22T17:00:00+0000,28.3,89.8
LK Munich,2020-04-23T17:00:00+0000,26.9,79.59
LK Munich,2020-04-24T17:00:00+0000,25.4,70.75
LK Munich,2020-04-25T17:00:00+0000,24.3,63.27
LK Munich,2020-04-26T17:00:00+0000,23.1,57.14
LK Munich,2020-04-27T17:00:00+0000,22.3,51.7
LK Munich,2020-04-28T17:00:00+0000,21.4,46.94
LK Munich,2020-04-29T17:00:00+0000,20.3,42.86
LK Munich,2020-04-30T17:00:00+0000,19.1,38.1
LK Munich,2020-05-01T17:00:00+0000,18,33.33
LK Munich,2020-05-02T17:00:00+0000,16.9,28.57
LK Munich,2020-05-03T17:00:00+0000,16,23.81
LK Munich,2020-05-04T17:00:00+0000,14.9,19.73
LK Munich,2020-05-05T17:00:00+0000,14,16.33
LK Munich,2020-05-06T17:00:00+0000,13.4,13.61
LK Munich,2020-05-07T17:00:00+0000,12.9,11.56
LK Munich,2020-05-08T17:00:00+0000,12.3,10.2
LK Munich,2020-05-09T17:00:00+0000,11.7,9.52
LK Munich,2020-05-10T17:00:00+0000,11.1,9.52
LK Munich,2020-05-11T17:00:00+0000,10.6,8.84
LK Munich,2020-05-12T17:00:00+0000,10,8.16
LK Munich,2020-05-13T17:00:00+0000,9.4,7.48
LK Munich,2020-05-14T17:00:00+0000,8.6,6.12
LK Munich,2020-05-15T17:00:00+0000,8,4.76
LK Munich,2020-05-16T17:00:00+0000,7.4,3.4
LK Munich,2020-05-17T17:00:00+0000,6.9,2.04
LK Munich,2020-05-18T17:00:00+0000,6.6,1.36
LK Munich,2020-05-19T17:00:00+0000,6.3,0.68
LK Munich,2020-05-20T17:00:00+0000,6,0
LK Munich,2020-05-21T17:00:00+0000,6,0
LK Munich,2020-05-22T17:00:00+0000,6,0
LK Munich,2020-05-23T17:00:00+0000,6,0
LK Munich,2020-05-24T17:00:00+0000,6,0
LK Munich,2020-05-25T17:00:00+0000,6,0
LK Munich,2020-05-26T17:00:00+0000,6,0
LK Munich,2020-05-27T17:00:00+0000,5.7,0
LK Munich,2020-05-28T17:00:00+0000,5.4,0
LK Munich,2020-05-29T17:00:00+0000,5.1,0
LK Munich,2020-05-30T17:00:00+0000,4.9,0
LK Munich,2020-05-31T17:00:00+0000,4.6,0
LK Munich,2020-06-01T17:00:00+0000,4.3,0
LK Munich,2020-06-02T17:00:00+0000,3.7,0
LK Munich,2020-06-03T17:00:00+0000,3.4,0
LK Munich,2020-06-04T17:00:00+0000,3.1,0
LK Munich,2020-06-05T17:00:00+0000,2.9,0
LK Munich,2020-06-06T17:00:00+0000,2.6,0
LK Munich,2020-06-07T17:00:00+0000,2.3,0
LK Munich,2020-06-08T17:00:00+0000,2,0
LK Munich,2020-06-09T17:00:00+0000,2,0
LK Munich,2020-06-10T17:00:00+0000,2,0
LK Munich,2020-06-11T17:00:00+0000,2,0
LK Munich,2020-06-12T17:00:00+0000,2,0
LK Munich,2020-06-13T17:00:00+0000,2,0
LK Munich,2020-06-14T17:00:00+0000,2,0
LK Munich,2020-06-15T17:00:00+0000,2,0
LK Munich,2020-06-16T17:00:00+0000,2,0
LK Munich,2020-06-17T17:00:00+0000,2,0
LK Munich,2020-06-18T17:00:00+0000,2,0
LK Munich,2020-06-19T17:00:00+0000,2,0
LK Munich,2020-06-20T17:00:00+0000,2,0
LK Munich,2020-06-21T17:00:00+0000,2,0
LK Munich,2020-06-22T17:00:00+0000,2,0
LK Munich,2020-06-23T17:00:00+0000,2,0
LK Munich,2020-06-24T17:00:00+0000,2,0
LK Munich,2020-06-25T17:00:00+0000,2,0
LK Munich,2020-06-26T17:00:00+0000,2,0
LK Munich,2020-06-27T17:00:00+0000,2,0
LK Munich,2020-06-28T17:00:00+0000,2,0
LK Munich,2020-06-29T17:00:00+0000,2,0
LK Munich,2020-06-30T17:00:00+0000,2.3,0
LK Munich,2020-07-01T17:00:00+0000,2.6,0
LK Munich,2020-07-02T17:00:00+0000,2.9,0
LK Munich,2020-07-03T17:00:00+0000,3.1,0
LK Munich,2020-07-04T17:00:00+0000,3.4,0
LK Munich,2020-07-05T17:00:00+0000,3.7,0
LK Munich,2020-07-06T17:00:00+0000,4,0
LK Munich,2020-07-07T17:00:00+0000,4,0
LK Munich,2020-07-08T17:00:00+0000,4.3,0
LK Munich,2020-07-09T17:00:00+0000,4.6,0
LK Munich,2020-07-10T17:00:00+0000,4.9,0
LK Munich,2020-07-11T17:00:00+0000,5.1,0
LK Munich,2020-07-12T17:00:00+0000,5.4,0
LK Munich,2020-07-13T17:00:00+0000,5.7,0
LK Munich,2020-07-14T17:00:00+0000,6,0
LK Munich,2020-07-15T17:00:00+0000,5.7,0
LK Munich,2020-07-16T17:00:00+0000,5.7,0
LK Munich,2020-07-17T17:00:00+0000,5.7,0
LK Munich,2020-07-18T17:00:00+0000,5.7,0
LK Munich,2020-07-19T17:00:00+0000,5.4,0
LK Munich,2020-07-20T17:00:00+0000,5.1,0
LK Munich,2020-07-21T17:00:00+0000,4.9,0
LK Munich,2020-07-22T17:00:00+0000,4.9,0
LK Munich,2020-07-23T17:00:00+0000,4.6,0
LK Munich,2020-07-24T17:00:00+0000,4.3,0
LK Munich,2020-07-25T17:00:00+0000,4,0
LK Munich,2020-07-26T17:00:00+0000,4,0
LK Munich,2020-07-27T17:00:00+0000,4,0
LK Munich,2020-07-28T17:00:00+0000,4,0
LK Munich,2020-07-29T17:00:00+0000,4,0
LK Munich,2020-07-30T17:00:00+0000,4,0
LK Munich,2020-07-31T17:00:00+0000,4,0
LK Munich,2020-08-01T17:00:00+0000,4,0
LK Munich,2020-08-02T17:00:00+0000,4,0
LK Munich,2020-08-03T17:00:00+0000,4,0
LK Munich,2020-08-04T17:00:00+0000,4,0
LK Munich,2020-08-05T17:00:00+0000,4.3,0
LK Munich,2020-08-06T17:00:00+0000,4.6,0
LK Munich,2020-08-07T17:00:00+0000,4.9,0
LK Munich,2020-08-08T17:00:00+0000,5.1,0
LK Munich,2020-08-09T17:00:00+0000,5.7,0
LK Munich,2020-08-10T17:00:00+0000,6.3,0
LK Munich,2020-08-11T17:00:00+0000,7.1,0
LK Munich,2020-08-12T17:00:00+0000,7.7,0
LK Munich,2020-08-13T17:00:00+0000,8.6,0
LK Munich,2020-08-14T17:00:00+0000,9.4,0
LK Munich,2020-08-15T17:00:00+0000,10.6,0
LK Munich,2020-08-16T17:00:00+0000,11.4,0
LK Munich,2020-08-17T17:00:00+0000,12.3,0
LK Munich,2020-08-18T17:00:00+0000,12.9,0
LK Munich,2020-08-19T17:00:00+0000,13.7,0
LK Munich,2020-08-20T17:00:00+0000,14.3,0
LK Munich,2020-08-21T17:00:00+0000,14.9,0
LK Munich,2020-08-22T17:00:00+0000,15.1,0
LK Munich,2020-08-23T17:00:00+0000,15.7,0
LK Munich,2020-08-24T17:00:00+0000,16.3,0
LK Munich,2020-08-25T17:00:00+0000,17.1,0
LK Munich,2020-08-26T17:00:00+0000,17.7,0
LK Munich,2020-08-27T17:00:00+0000,18.3,0
LK Munich,2020-08-28T17:00:00+0000,18.9,0
LK Munich,2020-08-29T17:00:00+0000,19.7,0
LK Munich,2020-08-30T17:00:00+0000,20,0
LK Munich,2020-08-31T17:00:00+0000,20.3,0
LK Munich,2020-09-01T17:00:00+0000,20.6,0
LK Munich,2020-09-02T17:00:00+0000,20.6,0
LK Munich,2020-09-03T17:00:00+0000,20.6,0
LK Munich,2020-09-04T17:00:00+0000,20.6,0
LK Munich,2020-09-05T17:00:00+0000,20.3,0
LK Munich,2020-09-06T17:00:00+0000,20.6,0
LK Munich,2020-09-07T17:00:00+0000,20.9,0
LK Munich,2020-09-08T17:00:00+0000,20.9,0
LK Munich,2020-09-09T17:00:00+0000,21.1,0
LK Munich,2020-09-10T17:00:00+0000,21.7,0
LK Munich,2020-09-11T17:00:00+0000,22.3,0
LK Munich,2020-09-12T17:00:00+0000,22.9,0
LK Munich,2020-09-13T17:00:00+0000,23.1,0
LK Munich,2020-09-14T17:00:00+0000,23.4,0
LK Munich,2020-09-15T17:00:00+0000,23.7,0
LK Munich,2020-09-16T17:00:00+0000,24,0
LK Munich,2020-09-17T17:00:00+0000,24,0
LK Munich,2020-09-18T17:00:00+0000,24,0
LK Munich,2020-09-19T17:00:00+0000,24,0
LK Munich,2020-09-20T17:00:00+0000,24,0
LK Munich,2020-09-21T17:00:00+0000,24,0
LK Munich,2020-09-22T17:00:00+0000,24,0
LK Munich,2020-09-23T17:00:00+0000,24,0
LK Munich,2020-09-24T17:00:00+0000,24,0
LK Munich,2020-09-25T17:00:00+0000,24,0
LK Munich,2020-09-26T17:00:00+0000,24,0
LK Munich,2020-09-27T17:00:00+0000,24.3,0
LK Munich,2020-09-28T17:00:00+0000,24.6,0
LK Munich,2020-09-29T17:00:00+0000,24.9,0
LK Munich,2020-09-30T17:00:00+0000,25.4,0
LK Munich,2020-10-01T17:00:00+0000,26,0
LK Munich,2020-10-02T17:00:00+0000,26.9,0
LK Munich,2020-10-03T17:00:00+0000,27.7,0
LK Munich,2020-10-04T17:00:00+0000,28.3,0
LK Munich,2020-10-05T17:00:00+0000,29.1,0
LK Munich,2020-10-06T17:00:00+0000,30.3,0
LK Munich,2020-10-07T17:00:00+0000,31.1,0
LK Munich,2020-10-08T17:00:00+0000,32.3,0
LK Munich,2020-10-09T17:00:00+0000,33.1,0
LK Munich,2020-10-10T17:00:00+0000,34.6,0
LK Munich,2020-10-11T17:00:00+0000,36.6,0
LK Munich,2020-10-12T17:00:00+0000,38.9,0
LK Munich,2020-10-13T17:00:00+0000,41.7,0
LK Munich,2020-10-14T17:00:00+0000,45.1,0
LK Munich,2020-10-15T17:00:00+0000,49.1,0
LK Munich,2020-10-16T17:00:00+0000,54,0
LK Munich,2020-10-17T17:00:00+0000,59.1,0
LK Munich,2020-10-18T17:00:00+0000,64.6,0
LK Munich,2020-10-19T17:00:00+0000,70.3,0
LK Munich,2020-10-20T17:00:00+0000,76,0
LK Munich,2020-10-21T17:00:00+0000,82,0
LK Munich,2020-10-22T17:00:00+0000,88,0
LK Munich,2020-10-23T17:00:00+0000,94.3,0
LK Munich,2020-10-24T17:00:00+0000,100.9,0
LK Munich,2020-10-25T17:00:00+0000,107.7,0
LK Munich,2020-10-26T17:00:00+0000,114.9,0
LK Munich,2020-10-27T17:00:00+0000,122.3,0
LK Munich,2020-10-28T17:00:00+0000,130,0
LK Munich,2020-10-29T17:00:00+0000,138,0.68
LK Munich,2020-10-30T17:00:00+0000,146,2.04
LK Munich,2020-10-31T17:00:00+0000,153.7,4.08
LK Munich,2020-11-01T17:00:00+0000,161.1,6.8
LK Munich,2020-11-02T17:00:00+0000,168,10.2
LK Munich,2020-11-03T17:00:00+0000,174.6,14.29
LK Munich,2020-11-04T17:00:00+0000,180.3,19.05
LK Munich,2020-11-05T17:00:00+0000,185.1,23.13
LK Munich,2020-11-06T17:00:00+0000,189.1,26.53
LK Munich,2020-11-07T17:00:00+0000,192.6,29.93
LK Munich,2020-11-08T17:00:00+0000,195.1,33.33
LK Munich,2020-11-09T17:00:00+0000,197.4,37.41
LK Munich,2020-11-10T17:00:00+0000,198.9,42.18
LK Munich,2020-11-11T17:00:00+0000,200,47.62
LK Munich,2020-11-12T17:00:00+0000,200.9,54.42
LK Munich,2020-11-13T17:00:00+0000,201.4,62.59
LK Munich,2020-11-14T17:00:00+0000,201.4,72.11
LK Munich,2020-11-15T17:00:00+0000,200.9,82.31
LK Munich,2020-11-16T17:00:00+0000,199.7,92.52
LK Munich,2020-11-17T17:00:00+0000,198,102.72
LK Munich,2020-11-18T17:00:00+0000,196,112.93
LK Munich,2020-11-19T17:00:00+0000,193.4,121.77
LK Munich,2020-11-20T17:00:00+0000,190.3,129.25
LK Munich,2020-11-21T17:00:00+0000,186.9,134.01
LK Munich,2020-11-22T17:00:00+0000,183.4,136.73
LK Munich,2020-11-23T17:00:00+0000,179.7,138.1
LK Munich,2020-11-24T17:00:00+0000,176,138.1
LK Munich,2020-11-25T17:00:00+0000,172.3,136.73
LK Munich,2020-11-26T17:00:00+0000,169.1,136.05
LK Munich,2020-11-27T17:00:00+0000,166.6,136.05
LK Munich,2020-11-28T17:00:00+0000,164.3,137.41
LK Munich,2020-11-29T17:00:00+0000,162.6,140.14
LK Munich,2020-11-30T17:00:00+0000,161.4,142.18
LK Munich,2020-12-01T17:00:00+0000,160.6,144.22
LK Munich,2020-12-02T17:00:00+0000,160,146.26
LK Munich,2020-12-03T17:00:00+0000,159.1,147.62
LK Munich,2020-12-04T17:00:00+0000,158.3,148.3
LK Munich,2020-12-05T17:00:00+0000,158,148.3
LK Munich,2020-12-06T17:00:00+0000,158.3,148.3
LK Munich,2020-12-07T17:00:00+0000,158.9,149.66
LK Munich,2020-12-08T17:00:00+0000,160,151.7
LK Munich,2020-12-09T17:00:00+0000,161.7,154.42
LK Munich,2020-12-10T17:00:00+0000,164.3,158.5
LK Munich,2020-12-11T17:00:00+0000,167.1,163.95
LK Munich,2020-12-12T17:00:00+0000,170,171.43
LK Munich,2020-12-13T17:00:00+0000,172.9,179.59
LK Munich,2020-12-14T17:00:00+0000,175.7,187.76
LK Munich,2020-12-15T17:00:00+0000,178.3,195.24
LK Munich,2020-12-16T17:00:00+0000,180.3,202.72
LK Munich,2020-12-17T17:00:00+0000,181.7,209.52
LK Munich,2020-12-18T17:00:00+0000,182.6,217.69
LK Munich,2020-12-19T17:00:00+0000,183.1,223.13
LK Munich,2020-12-20T17:00:00+0000,182.9,227.21
LK Munich,2020-12-21T17:00:00+0000,182,231.29
LK Munich,2020-12-22T17:00:00+0000,181.1,236.73
LK Munich,2020-12-23T17:00:00+0000,180.6,242.86
LK Munich,2020-12-24T17:00:00+0000,180.3,248.3
LK Munich,2020-12-25T17:00:00+0000,180.3,251.02
LK Munich,2020-12-26T17:00:00+0000,180,253.74
LK Munich,2020-12-27T17:00:00+0000,180,255.1
LK Munich,2020-12-28T17:00:00+0000,180,254.42
LK Munich,2020-12-29T17:00:00+0000,179.1,251.02
LK Munich,2020-12-30T17:00:00+0000,177.1,244.9
LK Munich,2020-12-31T17:00:00+0000,173.7,237.41
LK Munich,2021-01-01T17:00:00+0000,169.4,228.57
LK Munich,2021-01-02T17:00:00+0000,164.6,219.05
LK Munich,2021-01-03T17:00:00+0000,158.9,210.2
LK Munich,2021-01-04T17:00:00+0000,152.9,202.04
LK Munich,2021-01-05T17:00:00+0000,147.4,195.24
LK Munich,2021-01-06T17:00:00+0000,142.9,189.12
LK Munich,2021-01-07T17:00:00+0000,139.7,185.03
LK Munich,2021-01-08T17:00:00+0000,137.4,179.59
LK Munich,2021-01-09T17:00:00+0000,136,175.51
LK Munich,2021-01-10T17:00:00+0000,135.1,171.43
LK Munich,2021-01-11T17:00:00+0000,134.6,167.35
LK Munich,2021-01-12T17:00:00+0000,133.7,161.22
LK Munich,2021-01-13T17:00:00+0000,132,153.74
LK Munich,2021-01-14T17:00:00+0000,129.1,144.9
LK Munich,2021-01-15T17:00:00+0000,126,138.1
LK Munich,2021-01-16T17:00:00+0000,122,130.61
LK Munich,2021-01-17T17:00:00+0000,117.4,123.81
LK Munich,2021-01-18T17:00:00+0000,112.6,117.69
LK Munich,2021-01-19T17:00:00+0000,108,113.61
LK Munich,2021-01-20T17:00:00+0000,104.3,111.56
LK Munich,2021-01-21T17:00:00+0000,101.4,110.2
LK Munich,2021-01-22T17:00:00+0000,98.9,109.52
LK Munich,2021-01-23T17:00:00+0000,97.1,109.52
LK Munich,2021-01-24T17:00:00+0000,96,109.52
LK Munich,2021-01-25T17:00:00+0000,95.1,109.52
LK Munich,2021-01-26T17:00:00+0000,94.3,109.52
LK Munich,2021-01-27T17:00:00+0000,92.6,109.52
LK Munich,2021-01-28T17:00:00+0000,90.3,108.16
LK Munich,2021-01-29T17:00:00+0000,87.1,106.8
LK Munich,2021-01-30T17:00:00+0000,83.1,104.76
LK Munich,2021-01-31T17:00:00+0000,79.1,102.04
LK Munich,2021-02-01T17:00:00+0000,75.1,98.64
LK Munich,2021-02-02T17:00:00+0000,71.1,94.56
LK Munich,2021-02-03T17:00:00+0000,67.7,89.8
LK Munich,2021-02-04T17:00:00+0000,64.6,85.71
LK Munich,2021-02-05T17:00:00+0000,62,80.95
LK Munich,2021-02-06T17:00:00+0000,60.3,76.19
LK Munich,2021-02-07T17:00:00+0000,58.6,71.43
LK Munich,2021-02-08T17:00:00+0000,56.9,66.67
LK Munich,2021-02-09T17:00:00+0000,55.1,61.9
LK Munich,2021-02-10T17:00:00+0000,53.7,57.14
LK Munich,2021-02-11T17:00:00+0000,52.3,52.38
LK Munich,2021-02-12T17:00:00+0000,51.1,47.62
LK Munich,2021-02-13T17:00:00+0000,49.7,42.86
LK Munich,2021-02-14T17:00:00+0000,48.9,38.1
LK Munich,2021-02-15T17:00:00+0000,48.3,33.33
LK Munich,2021-02-16T17:00:00+0000,48,29.25
LK Munich,2021-02-17T17:00:00+0000,47.7,25.17
LK Munich,2021-02-18T17:00:00+0000,48,21.09
LK Munich,2021-02-19T17:00:00+0000,48.3,17.01
LK Munich,2021-02-20T17:00:00+0000,48.9,13.61
LK Munich,2021-02-21T17:00:00+0000,49.1,10.88
LK Munich,2021-02-22T17:00:00+0000,49.7,8.84
LK Munich,2021-02-23T17:00:00+0000,50.3,6.8
LK Munich,2021-02-24T17:00:00+0000,51.1,5.44
LK Munich,2021-02-25T17:00:00+0000,51.7,4.76
LK Munich,2021-02-26T17:00:00+0000,52.6,4.76
LK Munich,2021-02-27T17:00:00+0000,53.4,4.76
LK Munich,2021-02-28T17:00:00+0000,54.6,4.76
LK Munich,2021-03-01T17:00:00+0000,55.4,4.76
LK Munich,2021-03-02T17:00:00+0000,56.3,4.76
LK Munich,2021-03-03T17:00:00+0000,57.1,4.76
LK Munich,2021-03-04T17:00:00+0000,58,4.76
LK Munich,2021-03-05T17:00:00+0000,58.6,4.76
LK Munich,2021-03-06T17:00:00+0000,59.4,4.76
LK Munich,2021-03-07T17:00:00+0000,60.3,4.76
LK Munich,2021-03-08T17:00:00+0000,61.1,4.76
LK Munich,2021-03-09T17:00:00+0000,62.3,4.08
LK Munich,2021-03-10T17:00:00+0000,63.1,3.4
LK Munich,2021-03-11T17:00:00+0000,64.3,2.72
LK Munich,2021-03-12T17:00:00+0000,65.7,2.04
LK Munich,2021-03-13T17:00:00+0000,67.1,1.36
LK Munich,2021-03-14T17:00:00+0000,68.6,0.68
LK Munich,2021-03-15T17:00:00+0000,70.3,0
LK Munich,2021-03-16T17:00:00+0000,72,0
LK Munich,2021-03-17T17:00:00+0000,74,0
LK Munich,2021-03-18T17:00:00+0000,76,0
LK Munich,2021-03-19T17:00:00+0000,77.7,0
LK Munich,2021-03-20T17:00:00+0000,79.4,0
LK Munich,2021-03-21T17:00:00+0000,80.9,0
LK Munich,2021-03-22T17:00:00+0000,82.3,0
LK Munich,2021-03-23T17:00:00+0000,83.7,0
LK Munich,2021-03-24T17:00:00+0000,85.1,0
LK Munich,2021-03-25T17:00:00+0000,86.3,0
LK Munich,2021-03-26T17:00:00+0000,87.7,0
LK Munich,2021-03-27T17:00:00+0000,88.9,0
LK Munich,2021-03-28T17:00:00+0000,90.3,0
LK Munich,2021-03-29T17:00:00+0000,91.4,0
LK Munich,2021-03-30T17:00:00+0000,92.6,0
LK Munich,2021-03-31T17:00:00+0000,93.7,0
LK Munich,2021-04-01T17:00:00+0000,95.1,0
LK Munich,2021-04-02T17:00:00+0000,96.6,0
LK Munich,2021-04-03T17:00:00+0000,98.6,0
LK Munich,2021-04-04T17:00:00+0000,100.9,0
LK Munich,2021-04-05T17:00:00+0000,103.4,0
LK Munich,2021-04-06T17:00:00+0000,106.3,0
LK Munich,2021-04-07T17:00:00+0000,109.4,0
LK Munich,2021-04-08T17:00:00+0000,112.9,0
LK Munich,2021-04-09T17:00:00+0000,116.3,0
LK Munich,2021-04-10T17:00:00+0000,119.7,0
LK Munich,2021-04-11T17:00:00+0000,122.9,0
LK Munich,2021-04-12T17:00:00+0000,125.7,0
LK Munich,2021-04-13T17:00:00+0000,128.6,0
LK Munich,2021-04-14T17:00:00+0000,131.1,0
LK Munich,2021-04-15T17:00:00+0000,133.4,0
LK Munich,2021-04-16T17:00:00+0000,136,0
LK Munich,2021-04-17T17:00:00+0000,138.3,0
LK Munich,2021-04-18T17:00:00+0000,140.6,0
LK Munich,2021-04-19T17:00:00+0000,142.9,0
LK Munich,2021-04-20T17:00:00+0000,144.3,0
LK Munich,2021-04-21T17:00:00+0000,145.4,0
LK Munich,2021-04-22T17:00:00+0000,146,0
LK Munich,2021-04-23T17:00:00+0000,145.7,0
LK Munich,2021-04-24T17:00:00+0000,144.6,0
LK Munich,2021-04-25T17:00:00+0000,142.3,0
LK Munich,2021-04-26T17:00:00+0000,139.4,0
LK Munich,2021-04-27T17:00:00+0000,136,0
LK Munich,2021-04-28T17:00:00+0000,132,0
LK Munich,2021-04-29T17:00:00+0000,127.7,0
LK Munich,2021-04-30T17:00:00+0000,123.1,0
LK Munich,2021-05-01T17:00:00+0000,118.6,0
LK Munich,2021-05-02T17:00:00+0000,114.3,0
LK Munich,2021-05-03T17:00:00+0000,110.3,0
LK Munich,2021-05-04T17:00:00+0000,106.6,0
LK Munich,2021-05-05T17:00:00+0000,103.1,0
LK Munich,2021-05-06T17:00:00+0000,99.7,0
LK Munich,2021-05-07T17:00:00+0000,96.3,0
LK Munich,2021-05-08T17:00:00+0000,92.6,0
LK Munich,2021-05-09T17:00:00+0000,88.6,0
LK Munich,2021-05-10T17:00:00+0000,84.3,0
LK Munich,2021-05-11T17:00:00+0000,80.3,0
LK Munich,2021-05-12T17:00:00+0000,76,0
LK Munich,2021-05-13T17:00:00+0000,71.7,0
LK Munich,2021-05-14T17:00:00+0000,67.7,0
LK Munich,2021-05-15T17:00:00+0000,64,0
LK Munich,2021-05-16T17:00:00+0000,60.9,0
LK Munich,2021-05-17T17:00:00+0000,57.7,0
LK Munich,2021-05-18T17:00:00+0000,54.6,0
LK Munich,2021-05-19T17:00:00+0000,51.4,0
LK Munich,2021-05-20T17:00:00+0000,48.6,0
LK Munich,2021-05-21T17:00:00+0000,45.7,0
LK Munich,2021-05-22T17:00:00+0000,43.1,0
LK Munich,2021-05-23T17:00:00+0000,40.3,0
LK Munich,2021-05-24T17:00:00+0000,37.7,0
LK Munich,2021-05-25T17:00:00+0000,35.1,0
LK Munich,2021-05-26T17:00:00+0000,32.6,0
LK Munich,2021-05-27T17:00:00+0000,30,0
LK Munich,2021-05-28T17:00:00+0000,27.4,0
LK Munich,2021-05-29T17:00:00+0000,25.1,0
LK Munich,2021-05-30T17:00:00+0000,23.1,0
LK Munich,2021-05-31T17:00:00+0000,21.4,0
LK Munich,2021-06-01T17:00:00+0000,20,0
LK Munich,2021-06-02T17:00:00+0000,18.9,0
LK Munich,2021-06-03T17:00:00+0000,18,0
LK Munich,2021-06-04T17:00:00+0000,17.4,0
LK Munich,2021-06-05T17:00:00+0000,16.9,0
LK Munich,2021-06-06T17:00:00+0000,16.3,0
LK Munich,2021-06-07T17:00:00+0000,15.7,0
LK Munich,2021-06-08T17:00:00+0000,15.1,0
LK Munich,2021-06-09T17:00:00+0000,14.9,0
LK Munich,2021-06-10T17:00:00+0000,14.3,0
LK Munich,2021-06-11T17:00:00+0000,13.7,0
LK Munich,2021-06-12T17:00:00+0000,13.1,0
LK Munich,2021-06-13T17:00:00+0000,12.6,0
LK Munich,2021-06-14T17:00:00+0000,12,0
LK Munich,2021-06-15T17:00:00+0000,11.4,0
LK Munich,2021-06-16T17:00:00+0000,10.9,0
LK Munich,2021-06-17T17:00:00+0000,10.6,0
LK Munich,2021-06-18T17:00:00+0000,10,0
LK Munich,2021-06-19T17:00:00+0000,9.4,0
LK Munich,2021-06-20T17:00:00+0000,9.1,0
LK Munich,2021-06-21T17:00:00+0000,8.9,0
LK Munich,2021-06-22T17:00:00+0000,8.6,0
LK Munich,2021-06-23T17:00:00+0000,8.3,0
LK Munich,2021-06-24T17:00:00+0000,7.7,0
LK Munich,2021-06-25T17:00:00+0000,7.4,0
LK Munich,2021-06-26T17:00:00+0000,7.1,0
LK Munich,2021-06-27T17:00:00+0000,6.9,0
LK Munich,2021-06-28T17:00:00+0000,6.6,0
LK Munich,2021-06-29T17:00:00+0000,6.3,0
LK Munich,2021-06-30T17:00:00+0000,6,0
LK Munich,2021-07-01T17:00:00+0000,6,0
LK Munich,2021-07-02T17:00:00+0000,6,0
LK Munich,2021-07-03T17:00:00+0000,6.3,0
LK Munich,2021-07-04T17:00:00+0000,6.6,0
LK Munich,2021-07-05T17:00:00+0000,6.9,0
LK Munich,2021-07-06T17:00:00+0000,7.4,0
LK Munich,2021-07-07T17:00:00+0000,8,0
LK Munich,2021-07-08T17:00:00+0000,8.9,0
LK Munich,2021-07-09T17:00:00+0000,9.7,0
LK Munich,2021-07-10T17:00:00+0000,10.3,0
LK Munich,2021-07-11T17:00:00+0000,11.1,0
LK Munich,2021-07-12T17:00:00+0000,12,0
LK Munich,2021-07-13T17:00:00+0000,12.6,0
LK Munich,2021-07-14T17:00:00+0000,13.4,0
LK Munich,2021-07-15T17:00:00+0000,14,0
LK Munich,2021-07-16T17:00:00+0000,14.6,0
LK Munich,2021-07-17T17:00:00+0000,15.4,0
LK Munich,2021-07-18T17:00:00+0000,16,0
LK Munich,2021-07-19T17:00:00+0000,16.6,0
LK Munich,2021-07-20T17:00:00+0000,17.1,0
LK Munich,2021-07-21T17:00:00+0000,17.4,0
LK Munich,2021-07-22T17:00:00+0000,17.7,0
LK Munich,2021-07-23T17:00:00+0000,18,0
LK Munich,2021-07-24T17:00:00+0000,18,0
LK Munich,2021-07-25T17:00:00+0000,18,0
LK Munich,2021-07-26T17:00:00+0000,18,0
LK Munich,2021-07-27T17:00:00+0000,18,0
LK Munich,2021-07-28T17:00:00+0000,18,0
LK Munich,2021-07-29T17:00:00+0000,18,0
LK Munich,2021-07-30T17:00:00+0000,18,0
LK Munich,2021-07-31T17:00:00+0000,18,0
LK Munich,2021-08-01T17:00:00+0000,18,0
LK Munich,2021-08-02T17:00:00+0000,18,0
LK Munich,2021-08-03T17:00:00+0000,18,0
LK Munich,2021-08-04T17:00:00+0000,18.3,0
LK Munich,2021-08-05T17:00:00+0000,18.6,0
LK Munich,2021-08-06T17:00:00+0000,18.9,0
LK Munich,2021-08-07T17:00:00+0000,19.4,0
LK Munich,2021-08-08T17:00:00+0000,20.3,0
LK Munich,2021-08-09T17:00:00+0000,21.1,0
LK Munich,2021-08-10T17:00:00+0000,22.3,0
LK Munich,2021-08-11T17:00:00+0000,23.4,0
LK Munich,2021-08-12T17:00:00+0000,24.9,0
LK Munich,2021-08-13T17:00:00+0000,26.6,0
LK Munich,2021-08-14T17:00:00+0000,28.6,0
LK Munich,2021-08-15T17:00:00+0000,30.6,0
LK Munich,2021-08-16T17:00:00+0000,33.1,0
LK Munich,2021-08-17T17:00:00+0000,35.7,0
LK Munich,2021-08-18T17:00:00+0000,38.3,0
LK Munich,2021-08-19T17:00:00+0000,41.1,0
LK Munich,2021-08-20T17:00:00+0000,44,0
LK Munich,2021-08-21T17:00:00+0000,46.9,0.68
LK Munich,2021-08-22T17:00:00+0000,49.7,2.04
LK Munich,2021-08-23T17:00:00+0000,52.3,4.08
LK Munich,2021-08-24T17:00:00+0000,55.1,6.12
LK Munich,2021-08-25T17:00:00+0000,58,8.16
LK Munich,2021-08-26T17:00:00+0000,60.6,10.2
LK Munich,2021-08-27T17:00:00+0000,63.1,12.24
LK Munich,2021-08-28T17:00:00+0000,65.1,13.61
LK Munich,2021-08-29T17:00:00+0000,67.1,14.29
LK Munich,2021-08-30T17:00:00+0000,69.1,14.29
LK Munich,2021-08-31T17:00:00+0000,70.9,14.29
LK Munich,2021-09-01T17:00:00+0000,72.6,14.29
LK Munich,2021-09-02T17:00:00+0000,74,14.29
LK Munich,2021-09-03T17:00:00+0000,75.1,14.29
LK Munich,2021-09-04T17:00:00+0000,76.6,14.29
LK Munich,2021-09-05T17:00:00+0000,77.7,14.29
LK Munich,2021-09-06T17:00:00+0000,78.9,14.29
LK Munich,2021-09-07T17:00:00+0000,79.7,14.29
LK Munich,2021-09-08T17:00:00+0000,80.6,14.29
LK Munich,2021-09-09T17:00:00+0000,81.4,14.29
LK Munich,2021-09-10T17:00:00+0000,82.6,14.29
LK Munich,2021-09-11T17:00:00+0000,83.4,13.61
LK Munich,2021-09-12T17:00:00+0000,84.6,12.24
LK Munich,2021-09-13T17:00:00+0000,85.7,10.2
LK Munich,2021-09-14T17:00:00+0000,87.1,8.16
LK Munich,2021-09-15T17:00:00+0000,88.3,6.12
LK Munich,2021-09-16T17:00:00+0000,89.7,4.08
LK Munich,2021-09-17T17:00:00+0000,91.1,2.04
LK Munich,2021-09-18T17:00:00+0000,92.9,0.68
LK Munich,2021-09-19T17:00:00+0000,94.6,0
LK Munich,2021-09-20T17:00:00+0000,96,0
LK Munich,2021-09-21T17:00:00+0000,97.4,0
LK Munich,2021-09-22T17:00:00+0000,98.9,0
LK Munich,2021-09-23T17:00:00+0000,100,0
LK Munich,2021-09-24T17:00:00+0000,100.9,0
LK Munich,2021-09-25T17:00:00+0000,101.1,0
LK Munich,2021-09-26T17:00:00+0000,100.9,0
LK Munich,2021-09-27T17:00:00+0000,100.3,0
LK Munich,2021-09-28T17:00:00+0000,99.1,0
LK Munich,2021-09-29T17:00:00+0000,98,0
LK Munich,2021-09-30T17:00:00+0000,96.6,0
LK Munich,2021-10-01T17:00:00+0000,94.9,0
LK Munich,2021-10-02T17:00:00+0000,93.1,0
LK Munich,2021-10-03T17:00:00+0000,91.4,0
LK Munich,2021-10-04T17:00:00+0000,89.7,0
LK Munich,2021-10-05T17:00:00+0000,88.3,0
LK Munich,2021-10-06T17:00:00+0000,86.9,0
LK Munich,2021-10-07T17:00:00+0000,85.7,0
LK Munich,2021-10-08T17:00:00+0000,84.6,0
LK Munich,2021-10-09T17:00:00+0000,84,0
LK Munich,2021-10-10T17:00:00+0000,84,0
LK Munich,2021-10-11T17:00:00+0000,84.6,0
LK Munich,2021-10-12T17:00:00+0000,85.4,0
LK Munich,2021-10-13T17:00:00+0000,86.9,0
LK Munich,2021-10-14T17:00:00+0000,88.9,0
LK Munich,2021-10-15T17:00:00+0000,91.7,0
LK Munich,2021-10-16T17:00:00+0000,94.9,0
LK Munich,2021-10-17T17:00:00+0000,98.6,0
LK Munich,2021-10-18T17:00:00+0000,102.9,0
LK Munich,2021-10-19T17:00:00+0000,108,0
LK Munich,2021-10-20T17:00:00+0000,113.4,0
LK Munich,2021-10-21T17:00:00+0000,119.1,0
LK Munich,2021-10-22T17:00:00+0000,125.1,0
LK Munich,2021-10-23T17:00:00+0000,131.7,0
LK Munich,2021-10-24T17:00:00+0000,138.6,0
LK Munich,2021-10-25T17:00:00+0000,146,0
LK Munich,2021-10-26T17:00:00+0000,153.7,0
LK Munich,2021-10-27T17:00:00+0000,162,0
LK Munich,2021-10-28T17:00:00+0000,171.1,0
LK Munich,2021-10-29T17:00:00+0000,180.9,0
LK Munich,2021-10-30T17:00:00+0000,191.4,0
LK Munich,2021-10-31T17:00:00+0000,202.6,0
LK Munich,2021-11-01T17:00:00+0000,214.3,0
LK Munich,2021-11-02T17:00:00+0000,226.9,0
LK Munich,2021-11-03T17:00:00+0000,240.3,0
LK Munich,2021-11-04T17:00:00+0000,254.3,0
LK Munich,2021-11-05T17:00:00+0000,269.1,0
LK Munich,2021-11-06T17:00:00+0000,284.6,0
LK Munich,2021-11-07T17:00:00+0000,300.6,0
LK Munich,2021-11-08T17:00:00+0000,316.6,0
LK Munich,2021-11-09T17:00:00+0000,332.3,0
LK Munich,2021-11-10T17:00:00+0000,347.7,0
LK Munich,2021-11-11T17:00:00+0000,363.7,0
LK Munich,2021-11-12T17:00:00+0000,379.4,0
LK Munich,2021-11-13T17:00:00+0000,393.7,0
LK Munich,2021-11-14T17:00:00+0000,406.9,0
LK Munich,2021-11-15T17:00:00+0000,419.1,0
LK Munich,2021-11-16T17:00:00+0000,430,0
LK Munich,2021-11-17T17:00:00+0000,439.4,0
LK Munich,2021-11-18T17:00:00+0000,446.6,0
LK Munich,2021-11-19T17:00:00+0000,451.7,0
LK Munich,2021-11-20T17:00:00+0000,454.9,0
LK Munich,2021-11-21T17:00:00+0000,456.3,0
LK Munich,2021-11-22T17:00:00+0000,456.9,0
LK Munich,2021-11-23T17:00:00+0000,456.6,0
LK Munich,2021-11-24T17:00:00+0000,455.4,0
LK Munich,2021-11-25T17:00:00+0000,453.4,0
LK Munich,2021-11-26T17:00:00+0000,450.9,0
LK Munich,2021-11-27T17:00:00+0000,448.3,0
LK Munich,2021-11-28T17:00:00+0000,445.4,0
LK Munich,2021-11-29T17:00:00+0000,441.4,0
LK Munich,2021-11-30T17:00:00+0000,437.1,0
LK Munich,2021-12-01T17:00:00+0000,432.3,0
